{"assets/images/png/notes.png":["assets/images/png/notes.png"],"assets/images/svg/notes.svg":["assets/images/svg/notes.svg"],"assets/images/svg/psalm_150.svg":["assets/images/svg/psalm_150.svg"],"assets/images/svg/tones_2_3_4.svg":["assets/images/svg/tones_2_3_4.svg"],"assets/mp3/2-1.mp3":["assets/mp3/2-1.mp3"],"assets/scores/2-1.mscz":["assets/scores/2-1.mscz"],"assets/scores/2-1.svg":["assets/scores/2-1.svg"],"packages/cupertino_icons/assets/CupertinoIcons.ttf":["packages/cupertino_icons/assets/CupertinoIcons.ttf"]}